{"cameraMode":{"drawMode":0,"name":"Shaded","section":"Shading Mode"},"sceneLighting":true,"audioPlay":false,"sceneViewState":{"m_AlwaysRefresh":false,"showFog":true,"showSkybox":true,"showFlares":true,"showImageEffects":true,"showParticleSystems":true,"showVisualEffectGraphs":true,"m_FxEnabled":false},"in2DMode":false,"pivot":{"x":-12.723749160766602,"y":2.216352701187134,"z":1.4219577312469483},"rotation":{"x":0.024135952815413476,"y":0.6740082502365112,"z":0.022040165960788728,"w":-0.7380179762840271},"size":8.03893756866455,"orthographic":false}